{
  "project_info": {
    "project_number": "436695550872",
    "project_id": "flutterapp-9c497",
    "storage_bucket": "flutterapp-9c497.appspot.com"
  },
  "client": [
    {
      "client_info": {
        "mobilesdk_app_id": "1:436695550872:android:42772f90632ac05ed279ed",
        "android_client_info": {
          "package_name": "com.example.blinkit"
        }
      },
      "oauth_client": [
        {
          "client_id": "436695550872-gu97ugavda5rp13iceoa0kbg2uc5vsqc.apps.googleusercontent.com",
          "client_type": 3
        }
      ],
      "api_key": [
        {
          "current_key": "AIzaSyD3ltOo0pCUEf5skH6HV_afZMfaxvhT7vc"
        }
      ],
      "services": {
        "appinvite_service": {
          "other_platform_oauth_client": [
            {
              "client_id": "436695550872-gu97ugavda5rp13iceoa0kbg2uc5vsqc.apps.googleusercontent.com",
              "client_type": 3
            }
          ]
        }
      }
    }
  ],
  "configuration_version": "1"
}